text,topic
طارمی: عربستان را شکست می دهیم,sports
جام جهانی,sports
تیم ملی هاکی روی یخ زنان ایران,sports
مدال نقره مسابقات قهرمانی آسیا,sports
پاراالمپیک پاریس,sports
فدراسیون جودو,sports
ملی پوشان,sports
روحانی,sports
فعالیت های بدنی و ورزشی,sports
تورنمت آزاد,sports
قوانین و کاربردهای شابک در صنعت نشر,arts
نمایشگاه مینیاتوری,arts
صنایع دستی,arts
وزارت میراث فرهنگ,arts
تئاتر بین المللی,arts
جلوه های ویژه بصری,arts
شخصیت اصلی زن,arts
دیجیتال آرت,arts
پرفروش ترین فیلم کودک,arts
رضا کیانیان,arts
وزیر اقتصاد,economy
انرژی هسته ای,economy
اقتصاد کره جنوبی,economy
شرکت‌های تابعه وزارت نفت,economy
خودرو های وارداتی,economy
خشکسالی پیاپی,economy
بورس اوراق بهادار تهران,economy
تولید ناخالص داخلی,economy
طوفان های خورشیدی,economy
فروشندگان و سازندگان طلا,economy
ولادیمیر پوتین,politics
صادرات غیر نفتی در استان چهارمحال و بختیاری,politics
نمایندگان مجلس شورای اسلامی,politics
لایحه برنامه هفتم,politics
نیروی قدس سپاه پاسداران,politics
جنایات رژیم صهیونیستی,politics
آزادسازی سوسنگرد,politics
وزیر امور خارجه امریکا,politics
افزایش حقوق بازنشستگان,politics
دیپلماسی بازرگانی خرما,politics
دلشاد علامه زاده,unknown
هسته هلو,unknown
زیباترین شهر,unknown
دختران ایران,unknown
کادوی تولد من,unknown
ارزشمندترین مدال مسابقات,unknown
مصدومان جنگ غزه,unknown
کره شمالی,unknown
هنر دست ساز,unknown
رنگ پوست گردو,unknown
